{
    "mean-absolute-percentage-error": 0.13422254843308887,
    "mean-squared-percentage-error": 0.026361977874883914,
    "mean-absolute-error": 2.369844182265785,
    "mean-squared-error": 7.906543611595844
}